{
  "project_info": {
    "project_number": "673370383243",
    "firebase_url": "https://chatbotapplication-bfd26.firebaseio.com",
    "project_id": "chatbotapplication-bfd26",
    "storage_bucket": "chatbotapplication-bfd26.appspot.com"
  },
  "client": [
    {
      "client_info": {
        "mobilesdk_app_id": "1:673370383243:android:c50dfe35c7a41af8",
        "android_client_info": {
          "package_name": "com.example.manasa.chatbot"
        }
      },
      "oauth_client": [
        {
          "client_id": "673370383243-151qadbeguk6ndt4ch6424f4so60f0h6.apps.googleusercontent.com",
          "client_type": 3
        }
      ],
      "api_key": [
        {
          "current_key": "AIzaSyAZSKU1j1QO_QwtxCLA25cCQt-ZzhL4raE"
        }
      ],
      "services": {
        "analytics_service": {
          "status": 1
        },
        "appinvite_service": {
          "status": 1,
          "other_platform_oauth_client": []
        },
        "ads_service": {
          "status": 2
        }
      }
    }
  ],
  "configuration_version": "1"
}